"id","created_at","created_by","updated_at","updated_by","org_id","name","description","amount","options_value","owner_id","base_amount","previous_id","archived","deleted","change_ends_on","change_starts_on","free_months","status","info","start_date","expires_at","proposal_number","term_type","custom_terms","accepted_at","customer_id","source","proposal_type","purchase_order_number","display_status","system_generated"
"2aedca75-65e5-4dbe-98e0-ba8c2d4c75c1","2024-03-02 13:09:47.138201+05:30","bob@cacheflow.com","2024-03-02 13:10:30.129123+05:30","bob@cacheflow.com","62ccc55f-76f2-4d3d-84d4-edfa71ecc44e","TestCustomer [Change]",NULL,"100","Aw==","3c0a098d-8436-460f-b6a2-40910c2e4fd1","100","20123663-81a1-4045-8606-a84f801d7a81",False,True,"2025-02-28",NULL,NULL,"draft",NULL,NULL,"2024-04-02","11","month",NULL,NULL,"f0e4a58c-5712-4ef0-b25c-5c313d99aee4",NULL,"change",NULL,"deleted",False
"4021b1d7-2895-4185-b0e5-019e235e806a","2024-03-01 22:29:49.30117+05:30","bob@cacheflow.com","2024-03-01 22:33:29.914691+05:30","bob@cacheflow.com","62ccc55f-76f2-4d3d-84d4-edfa71ecc44e","TestCustomer",NULL,"100","Aw==","3c0a098d-8436-460f-b6a2-40910c2e4fd1","100",NULL,False,True,NULL,NULL,NULL,"draft",NULL,NULL,"2024-04-01","4","month",NULL,NULL,"f0e4a58c-5712-4ef0-b25c-5c313d99aee4",NULL,"initial",NULL,"deleted",False
"f70e947e-7f06-4e2a-8f27-1bdf70d40802","2024-03-01 22:35:54.517031+05:30","bob@cacheflow.com","2024-03-01 22:36:32.144892+05:30","bob@cacheflow.com","62ccc55f-76f2-4d3d-84d4-edfa71ecc44e","TestCustomer",NULL,"100","Aw==","3c0a098d-8436-460f-b6a2-40910c2e4fd1","100",NULL,False,True,NULL,NULL,NULL,"draft",NULL,NULL,"2024-04-01","5","month",NULL,NULL,"f0e4a58c-5712-4ef0-b25c-5c313d99aee4",NULL,"initial",NULL,"deleted",False
"e89dd91d-3d10-4f68-9385-c325ea717ae4","2024-03-01 22:46:53.337953+05:30","bob@cacheflow.com","2024-03-01 22:46:53.35408+05:30","bob@cacheflow.com","62ccc55f-76f2-4d3d-84d4-edfa71ecc44e","Untitled",NULL,"100","Aw==","3c0a098d-8436-460f-b6a2-40910c2e4fd1","100",NULL,False,False,NULL,NULL,NULL,"draft",NULL,NULL,"2024-04-01","8","month",NULL,NULL,NULL,NULL,"template",NULL,"draft",False
"5982ee87-8a0c-4166-a80a-9eee0ac0190f","2024-03-02 13:32:34.592512+05:30","bob@cacheflow.com","2024-03-02 13:34:50.885517+05:30","bob@cacheflow.com","62ccc55f-76f2-4d3d-84d4-edfa71ecc44e","Untitled",NULL,"0","Aw==","3c0a098d-8436-460f-b6a2-40910c2e4fd1","0",NULL,False,True,NULL,NULL,NULL,"draft",NULL,NULL,"2024-04-01","13","month",NULL,NULL,NULL,NULL,"initial",NULL,"deleted",False
"ffbfb275-9cd4-4d5b-8bb5-26de4bab4527","2024-03-01 22:36:48.131403+05:30","bob@cacheflow.com","2024-03-02 13:10:18.32998+05:30","bob@cacheflow.com","62ccc55f-76f2-4d3d-84d4-edfa71ecc44e","TestCustomer",NULL,"100","Sw==","3c0a098d-8436-460f-b6a2-40910c2e4fd1","100",NULL,False,True,NULL,NULL,NULL,"draft",NULL,NULL,"2024-04-01","6","month",NULL,NULL,"f0e4a58c-5712-4ef0-b25c-5c313d99aee4",NULL,"initial",NULL,"deleted",False
"bf62ff40-4b68-4cbc-8efe-0a8f57e1057c","2024-03-01 22:42:48.467284+05:30","bob@cacheflow.com","2024-03-02 13:10:23.012933+05:30","bob@cacheflow.com","62ccc55f-76f2-4d3d-84d4-edfa71ecc44e","TestCustomer",NULL,"100","Qw==","3c0a098d-8436-460f-b6a2-40910c2e4fd1","100",NULL,False,True,NULL,NULL,NULL,"draft",NULL,NULL,"2024-04-01","7","month",NULL,NULL,"f0e4a58c-5712-4ef0-b25c-5c313d99aee4",NULL,"initial",NULL,"deleted",False
"72f95352-8106-4e06-96c5-b3ef0014fe3f","2024-03-02 13:35:42.687132+05:30","bob@cacheflow.com","2024-03-02 13:47:30.738049+05:30","bob@cacheflow.com","62ccc55f-76f2-4d3d-84d4-edfa71ecc44e","Untitled",NULL,"0","Aw==","3c0a098d-8436-460f-b6a2-40910c2e4fd1","0",NULL,False,True,NULL,NULL,NULL,"draft",NULL,NULL,"2024-04-01","14","month",NULL,NULL,NULL,NULL,"initial",NULL,"deleted",False
"2d044191-597d-42aa-8bc0-c97f30eb2d88","2024-03-02 14:53:35.443434+05:30","bob@cacheflow.com","2024-03-02 14:53:54.421409+05:30","bob@cacheflow.com","62ccc55f-76f2-4d3d-84d4-edfa71ecc44e","sate [Change]",NULL,"3600","Sw==","3c0a098d-8436-460f-b6a2-40910c2e4fd1","3600","d53fe179-5e74-49c1-8778-05a743d2d596",False,True,"2027-03-01",NULL,NULL,"draft",NULL,NULL,"2024-04-02","20","quarter",NULL,NULL,"c8403a55-1f46-4f6a-ada8-9d90fe51d4fd",NULL,"change",NULL,"deleted",False
"93b0e76c-311e-42e5-a2d7-65be06e0db99","2024-03-02 14:46:58.204396+05:30","bob@cacheflow.com","2024-03-02 14:47:58.911973+05:30","bob@cacheflow.com","62ccc55f-76f2-4d3d-84d4-edfa71ecc44e","sate [Renewal]",NULL,"3600","SQ==","3c0a098d-8436-460f-b6a2-40910c2e4fd1","3600","d53fe179-5e74-49c1-8778-05a743d2d596",False,True,NULL,NULL,NULL,"draft",NULL,"2027-03-02","2024-04-02","18","quarter",NULL,NULL,"c8403a55-1f46-4f6a-ada8-9d90fe51d4fd",NULL,"renewal",NULL,"deleted",False
"546e93fd-1509-4d1c-973f-ae9e3fefc8ce","2024-03-02 13:54:29.102074+05:30","bob@cacheflow.com","2024-03-02 14:23:44.612891+05:30","bob@cacheflow.com","62ccc55f-76f2-4d3d-84d4-edfa71ecc44e","santo",NULL,"1200","Sw==","3c0a098d-8436-460f-b6a2-40910c2e4fd1","1200",NULL,False,True,NULL,NULL,NULL,"draft",NULL,NULL,"2024-04-01","15","month",NULL,NULL,"3495920a-fe96-4d58-8f09-0436ca8c70d2",NULL,"initial",NULL,"deleted",False
"8654622a-ffe4-435b-96bd-b242df72e40a","2024-03-02 14:48:58.173062+05:30","bob@cacheflow.com","2024-03-02 14:49:35.765184+05:30","bob@cacheflow.com","62ccc55f-76f2-4d3d-84d4-edfa71ecc44e","sate [Change]",NULL,"3600","Sw==","3c0a098d-8436-460f-b6a2-40910c2e4fd1","3600","d53fe179-5e74-49c1-8778-05a743d2d596",False,True,"2027-03-01",NULL,NULL,"draft",NULL,NULL,"2024-04-02","19","quarter",NULL,NULL,"c8403a55-1f46-4f6a-ada8-9d90fe51d4fd",NULL,"change",NULL,"deleted",False
"ea3aa67e-cb1b-4548-86b5-f01dfcc6bc5c","2024-03-02 14:31:43.529234+05:30","bob@cacheflow.com","2024-03-02 14:50:31.974447+05:30","bob@cacheflow.com","62ccc55f-76f2-4d3d-84d4-edfa71ecc44e","sate",NULL,"3600","Sw==","3c0a098d-8436-460f-b6a2-40910c2e4fd1","3600",NULL,False,True,NULL,NULL,NULL,"draft",NULL,NULL,"2024-04-02","17","quarter",NULL,NULL,"c8403a55-1f46-4f6a-ada8-9d90fe51d4fd",NULL,"initial",NULL,"deleted",False
"7fc59b0a-821b-4f0e-861e-0539760ffc5e","2024-03-02 15:10:38.550436+05:30","bob@cacheflow.com","2024-03-02 15:30:32.700353+05:30","bob@cacheflow.com","62ccc55f-76f2-4d3d-84d4-edfa71ecc44e","sate [Change]",NULL,"3600","Sw==","3c0a098d-8436-460f-b6a2-40910c2e4fd1","3600","d53fe179-5e74-49c1-8778-05a743d2d596",False,True,"2027-03-01",NULL,NULL,"draft",NULL,NULL,"2024-04-02","21","quarter",NULL,NULL,"c8403a55-1f46-4f6a-ada8-9d90fe51d4fd",NULL,"change",NULL,"deleted",False
"51025841-fe46-444c-9ae8-b87dd72317d9","2024-03-02 15:48:01.640718+05:30","bob@cacheflow.com","2024-03-02 15:48:22.58748+05:30","bob@cacheflow.com","62ccc55f-76f2-4d3d-84d4-edfa71ecc44e","sate",NULL,"3600","Sw==","3c0a098d-8436-460f-b6a2-40910c2e4fd1","3600",NULL,False,True,NULL,NULL,NULL,"draft",NULL,NULL,"2024-04-02","24","quarter",NULL,NULL,"c8403a55-1f46-4f6a-ada8-9d90fe51d4fd",NULL,"initial",NULL,"deleted",False
"de50289d-43cc-4202-affa-eb9889bc33a0","2024-03-02 15:54:16.613603+05:30","bob@cacheflow.com","2024-03-02 15:54:38.104429+05:30","bob@cacheflow.com","62ccc55f-76f2-4d3d-84d4-edfa71ecc44e","sate",NULL,"3600","Sw==","3c0a098d-8436-460f-b6a2-40910c2e4fd1","3600",NULL,False,True,NULL,NULL,NULL,"draft",NULL,NULL,"2024-04-02","25","quarter",NULL,NULL,"c8403a55-1f46-4f6a-ada8-9d90fe51d4fd",NULL,"initial",NULL,"deleted",False
"fba73283-bfcc-4d80-87c3-9fa4b1a6fc5e","2024-03-02 15:44:49.027126+05:30","bob@cacheflow.com","2024-03-02 15:56:30.470043+05:30","bob@cacheflow.com","62ccc55f-76f2-4d3d-84d4-edfa71ecc44e","sate [Renewal]",NULL,"3600","SQ==","3c0a098d-8436-460f-b6a2-40910c2e4fd1","3600","d53fe179-5e74-49c1-8778-05a743d2d596",False,True,NULL,NULL,NULL,"draft",NULL,"2027-03-02","2024-04-02","23","quarter",NULL,NULL,"c8403a55-1f46-4f6a-ada8-9d90fe51d4fd",NULL,"renewal",NULL,"deleted",False
"0d157e7e-f85a-47a2-983d-55386aaed859","2024-03-02 15:57:04.164084+05:30","bob@cacheflow.com","2024-03-02 15:57:27.55825+05:30","bob@cacheflow.com","62ccc55f-76f2-4d3d-84d4-edfa71ecc44e","sate [Renewal]",NULL,"3600","SQ==","3c0a098d-8436-460f-b6a2-40910c2e4fd1","3600","d53fe179-5e74-49c1-8778-05a743d2d596",False,True,NULL,NULL,NULL,"draft",NULL,"2027-03-02","2024-04-02","26","quarter",NULL,NULL,"c8403a55-1f46-4f6a-ada8-9d90fe51d4fd",NULL,"renewal",NULL,"deleted",False
"55f31015-2572-4e4e-a619-2e469e7d4fd1","2024-03-02 13:10:53.389723+05:30","bob@cacheflow.com","2024-03-04 14:26:01.373236+05:30","bob@cacheflow.com","62ccc55f-76f2-4d3d-84d4-edfa71ecc44e","TestCustomer [Change]",NULL,"100","Cw==","3c0a098d-8436-460f-b6a2-40910c2e4fd1","100","20123663-81a1-4045-8606-a84f801d7a81",False,True,"2025-02-28",NULL,NULL,"draft",NULL,NULL,"2024-04-02","12","month",NULL,NULL,"f0e4a58c-5712-4ef0-b25c-5c313d99aee4",NULL,"change",NULL,"deleted",False
"702f359c-bf5c-4322-93ff-62251e0f8580","2024-03-02 15:59:05.151589+05:30","bob@cacheflow.com","2024-03-02 15:59:23.35799+05:30","bob@cacheflow.com","62ccc55f-76f2-4d3d-84d4-edfa71ecc44e","sate",NULL,"3600","Sw==","3c0a098d-8436-460f-b6a2-40910c2e4fd1","3600",NULL,False,True,NULL,NULL,NULL,"draft",NULL,NULL,"2024-04-02","28","quarter",NULL,NULL,"c8403a55-1f46-4f6a-ada8-9d90fe51d4fd",NULL,"initial",NULL,"deleted",False
"e637828c-c78d-40e0-a40d-e200a91e1874","2024-03-02 16:00:45.992999+05:30","bob@cacheflow.com","2024-03-02 16:13:18.850113+05:30","bob@cacheflow.com","62ccc55f-76f2-4d3d-84d4-edfa71ecc44e","Untitled",NULL,"0","Aw==","3c0a098d-8436-460f-b6a2-40910c2e4fd1","0",NULL,False,True,NULL,NULL,NULL,"draft",NULL,NULL,"2024-04-01","29","month",NULL,NULL,NULL,NULL,"initial",NULL,"deleted",False
"df1b4422-b02e-4a5f-b6c1-c47e7ecac74b","2024-03-02 15:57:55.532631+05:30","bob@cacheflow.com","2024-03-04 14:29:13.727501+05:30","bob@cacheflow.com","62ccc55f-76f2-4d3d-84d4-edfa71ecc44e","sate [Change]",NULL,"3600","Sw==","3c0a098d-8436-460f-b6a2-40910c2e4fd1","3600","d53fe179-5e74-49c1-8778-05a743d2d596",False,True,"2027-03-01",NULL,NULL,"draft",NULL,NULL,"2024-04-02","27","quarter",NULL,NULL,"c8403a55-1f46-4f6a-ada8-9d90fe51d4fd",NULL,"change",NULL,"deleted",False
"20123663-81a1-4045-8606-a84f801d7a81","2024-03-01 22:15:56.474073+05:30","bob@cacheflow.com","2024-03-01 22:28:07.141589+05:30","bob@cacheflow.com","62ccc55f-76f2-4d3d-84d4-edfa71ecc44e","TestCustomer",NULL,"100","Aw==","3c0a098d-8436-460f-b6a2-40910c2e4fd1","100",NULL,False,False,NULL,NULL,NULL,"accepted",NULL,NULL,"2024-05-31","3","month",NULL,"2024-03-01 22:28:07.112887+05:30","f0e4a58c-5712-4ef0-b25c-5c313d99aee4",NULL,"initial",NULL,"completed",False
"15655975-a4c9-4407-82a8-123292d0fd98","2024-05-09 13:28:16.358164+05:30","bob@cacheflow.com","2024-05-09 13:28:21.095334+05:30","bob@cacheflow.com","62ccc55f-76f2-4d3d-84d4-edfa71ecc44e","optima engine",NULL,"0","Aw==","3c0a098d-8436-460f-b6a2-40910c2e4fd1","0",NULL,False,False,NULL,NULL,NULL,"cancelled",NULL,NULL,"2024-06-08","006Hp000018O8KTIA0","month",NULL,NULL,"4a91f842-cc02-4574-8620-8a248577f812",NULL,"initial",NULL,"cancelled",False
"1d5db4e0-e6ad-4b72-98e1-84df86c74d05","2024-03-02 16:14:56.59184+05:30","bob@cacheflow.com","2024-03-02 16:18:36.068002+05:30","bob@cacheflow.com","62ccc55f-76f2-4d3d-84d4-edfa71ecc44e","Untitled",NULL,"0","Qw==","3c0a098d-8436-460f-b6a2-40910c2e4fd1","0",NULL,False,True,NULL,NULL,NULL,"draft",NULL,NULL,"2024-04-01","30","month",NULL,NULL,NULL,NULL,"initial",NULL,"deleted",False
"9ed67721-4085-4cb2-8961-6953ce2de414","2024-03-02 16:18:50.577535+05:30","bob@cacheflow.com","2024-03-02 16:50:31.884591+05:30","bob@cacheflow.com","62ccc55f-76f2-4d3d-84d4-edfa71ecc44e","Untitled",NULL,"0","Aw==","3c0a098d-8436-460f-b6a2-40910c2e4fd1","0",NULL,False,True,NULL,NULL,NULL,"draft",NULL,NULL,"2024-04-01","31","month",NULL,NULL,NULL,NULL,"initial",NULL,"deleted",False
"683f0bc1-ff5c-437b-bdba-e5023fe52ad3","2024-03-02 17:13:24.669458+05:30","bob@cacheflow.com","2024-03-04 15:20:15.358716+05:30","bob@cacheflow.com","62ccc55f-76f2-4d3d-84d4-edfa71ecc44e","Untitled",NULL,"0","Qw==","3c0a098d-8436-460f-b6a2-40910c2e4fd1","0",NULL,False,True,NULL,NULL,NULL,"draft",NULL,NULL,"2024-04-01",NULL,"quarter",NULL,NULL,NULL,NULL,"initial",NULL,"deleted",False
"e64e5321-7226-4da4-81d8-8fa3abcf6ed5","2024-03-02 16:55:45.791932+05:30","bob@cacheflow.com","2024-03-04 15:20:20.182204+05:30","bob@cacheflow.com","62ccc55f-76f2-4d3d-84d4-edfa71ecc44e","Untitled",NULL,"0","Cw==","3c0a098d-8436-460f-b6a2-40910c2e4fd1","0",NULL,False,True,NULL,NULL,NULL,"draft",NULL,NULL,"2024-04-01","34","month",NULL,NULL,NULL,NULL,"initial",NULL,"deleted",False
"6bc1fbc7-b685-4a48-aeee-356c65b29931","2024-03-02 16:51:04.877985+05:30","bob@cacheflow.com","2024-03-04 15:20:24.847261+05:30","bob@cacheflow.com","62ccc55f-76f2-4d3d-84d4-edfa71ecc44e","Untitled",NULL,"0","Aw==","3c0a098d-8436-460f-b6a2-40910c2e4fd1","0",NULL,False,True,NULL,NULL,NULL,"draft",NULL,NULL,"2024-04-01","33","month",NULL,NULL,NULL,NULL,"initial",NULL,"deleted",False
"c0554fcc-c0f1-4b6c-9137-1abef45dadc3","2024-03-02 16:50:51.125937+05:30","bob@cacheflow.com","2024-03-04 15:20:29.285621+05:30","bob@cacheflow.com","62ccc55f-76f2-4d3d-84d4-edfa71ecc44e","Untitled",NULL,"0","Aw==","3c0a098d-8436-460f-b6a2-40910c2e4fd1","0",NULL,False,True,NULL,NULL,NULL,"draft",NULL,NULL,"2024-04-01","32","month",NULL,NULL,NULL,NULL,"initial",NULL,"deleted",False
"9c09cb82-a5cc-4911-b103-13526eea6abf","2024-05-03 16:04:15.110893+05:30","bob@cacheflow.com","2024-05-03 21:48:46.618302+05:30","bob@cacheflow.com","62ccc55f-76f2-4d3d-84d4-edfa71ecc44e","sen hjkk",NULL,"0","Aw==","3c0a098d-8436-460f-b6a2-40910c2e4fd1","0",NULL,False,True,NULL,NULL,NULL,"draft",NULL,NULL,"2024-06-02","006Hp000018O6zfIAC","month",NULL,NULL,"611cc6bb-bce0-4e4c-ac52-8daba3b90d5e",NULL,"initial",NULL,"deleted",False
"f575668c-183b-4b00-aa3c-4085bbeadab8","2024-03-05 19:01:35.032534+05:30","bob@cacheflow.com","2024-03-05 19:04:29.798149+05:30","bob@cacheflow.com","62ccc55f-76f2-4d3d-84d4-edfa71ecc44e","sate [Renewal] [Change]",NULL,"3600","SQ==","3c0a098d-8436-460f-b6a2-40910c2e4fd1","3600","6d1f05a9-079c-40f6-9146-50ec0f9a1ff6",False,False,"2033-03-01",NULL,NULL,"accepted",NULL,"2030-03-02","2024-05-05","42","quarter",NULL,"2024-03-05 19:04:29.728421+05:30","c8403a55-1f46-4f6a-ada8-9d90fe51d4fd",NULL,"change",NULL,"completed",False
"de7558d6-4cba-4ad7-bd78-a913030d585b","2024-03-05 11:04:47.000231+05:30","bob@cacheflow.com","2024-03-05 12:37:07.530351+05:30","bob@cacheflow.com","62ccc55f-76f2-4d3d-84d4-edfa71ecc44e","TestCustomer",NULL,"100","Sw==","3c0a098d-8436-460f-b6a2-40910c2e4fd1","100",NULL,False,False,NULL,NULL,NULL,"accepted",NULL,NULL,"2024-05-04","38","month",NULL,"2024-03-05 12:37:03.501826+05:30","f0e4a58c-5712-4ef0-b25c-5c313d99aee4",NULL,"initial",NULL,"completed",False
"6d1f05a9-079c-40f6-9146-50ec0f9a1ff6","2024-03-04 17:30:30.420059+05:30","bob@cacheflow.com","2024-03-05 12:39:32.032979+05:30","bob@cacheflow.com","62ccc55f-76f2-4d3d-84d4-edfa71ecc44e","sate [Renewal]",NULL,"3600","SQ==","3c0a098d-8436-460f-b6a2-40910c2e4fd1","3600","2c6a04ba-9e8c-4459-b2d0-ebbf65e82183",False,False,NULL,NULL,NULL,"accepted",NULL,"2030-03-02","2024-05-04","37","quarter",NULL,"2024-03-05 12:39:31.953268+05:30","c8403a55-1f46-4f6a-ada8-9d90fe51d4fd",NULL,"renewal",NULL,"completed",False
"307eb0b8-ba2f-4777-a657-1c85a1f4a89c","2024-03-05 19:13:52.141157+05:30","bob@cacheflow.com","2024-03-05 20:55:34.790205+05:30","bob@cacheflow.com","62ccc55f-76f2-4d3d-84d4-edfa71ecc44e","santer",NULL,"1100","Qw==","3c0a098d-8436-460f-b6a2-40910c2e4fd1","1100",NULL,False,False,NULL,NULL,1,"accepted",NULL,NULL,"2024-05-01","48","month",NULL,"2024-03-05 20:55:34.740088+05:30","47873217-5ec7-4b1d-ac31-4959c5d5b0cb",NULL,"initial",NULL,"completed",False
"7e25fd23-f603-4bba-9543-d6d329f0b49c","2024-04-18 12:03:36.376613+05:30","bob@cacheflow.com","2024-05-16 19:00:08.125709+05:30","bob@cacheflow.com","62ccc55f-76f2-4d3d-84d4-edfa71ecc44e","john t",NULL,"80100","Aw==","3c0a098d-8436-460f-b6a2-40910c2e4fd1","80100",NULL,False,False,NULL,NULL,NULL,"draft",NULL,NULL,"2024-05-18","49","month",NULL,NULL,"24deaedc-60fe-4aa2-8642-79383958c4a4",NULL,"initial",NULL,"draft",False
"d53fe179-5e74-49c1-8778-05a743d2d596","2024-03-02 14:23:52.873192+05:30","bob@cacheflow.com","2024-03-02 14:31:07.897255+05:30","bob@cacheflow.com","62ccc55f-76f2-4d3d-84d4-edfa71ecc44e","sate",NULL,"3600","Sw==","3c0a098d-8436-460f-b6a2-40910c2e4fd1","3600",NULL,False,False,NULL,NULL,NULL,"accepted",NULL,NULL,"2024-05-01","16","quarter",NULL,"2024-03-02 14:31:07.821947+05:30","c8403a55-1f46-4f6a-ada8-9d90fe51d4fd",NULL,"initial",NULL,"completed",False
"2c6a04ba-9e8c-4459-b2d0-ebbf65e82183","2024-03-04 15:20:43.749208+05:30","bob@cacheflow.com","2024-03-04 15:23:03.913491+05:30","bob@cacheflow.com","62ccc55f-76f2-4d3d-84d4-edfa71ecc44e","sate [Renewal]",NULL,"3700","SQ==","3c0a098d-8436-460f-b6a2-40910c2e4fd1","3700","d53fe179-5e74-49c1-8778-05a743d2d596",False,False,NULL,NULL,NULL,"accepted",NULL,"2027-03-02","2024-05-04","36","quarter",NULL,"2024-03-04 15:23:03.787483+05:30","c8403a55-1f46-4f6a-ada8-9d90fe51d4fd",NULL,"renewal",NULL,"completed",False
"4b710b75-e68c-488b-8a51-2ac406dc53dd","2024-03-05 12:41:09.717725+05:30","bob@cacheflow.com","2024-03-05 12:42:03.833185+05:30","bob@cacheflow.com","62ccc55f-76f2-4d3d-84d4-edfa71ecc44e","TestCustomer [Change]",NULL,"100","Sw==","3c0a098d-8436-460f-b6a2-40910c2e4fd1","100","de7558d6-4cba-4ad7-bd78-a913030d585b",False,False,"2025-03-04",NULL,NULL,"accepted",NULL,NULL,"2024-05-05","40","month",NULL,"2024-03-05 12:42:03.816609+05:30","f0e4a58c-5712-4ef0-b25c-5c313d99aee4",NULL,"change",NULL,"completed",False
"08773dfd-3de9-46c7-961d-f0d583897e61","2024-03-02 15:32:46.183232+05:30","bob@cacheflow.com","2024-03-02 15:44:35.176421+05:30","bob@cacheflow.com","62ccc55f-76f2-4d3d-84d4-edfa71ecc44e","sate [Change]",NULL,"3600","Sw==","3c0a098d-8436-460f-b6a2-40910c2e4fd1","3600","d53fe179-5e74-49c1-8778-05a743d2d596",False,True,"2027-03-01",NULL,NULL,"accepted",NULL,NULL,"2024-05-02","22","quarter",NULL,NULL,"c8403a55-1f46-4f6a-ada8-9d90fe51d4fd",NULL,"renewal",NULL,"deleted",False
"035ab6a4-5acf-4948-98a2-e3cb83fb1351","2024-04-30 17:35:48.073176+05:30","bob@cacheflow.com","2024-04-30 17:35:55.841287+05:30","bob@cacheflow.com","62ccc55f-76f2-4d3d-84d4-edfa71ecc44e","autoRenewal [Renewal]",NULL,"200000","AQ==","3c0a098d-8436-460f-b6a2-40910c2e4fd1","200000","4890bd63-4905-4433-b100-59250b63db8a",False,False,NULL,NULL,NULL,"accepted",NULL,"2024-04-29","2024-05-30","78","month",NULL,"2024-04-30 17:35:55.815508+05:30","899b167c-82c9-4957-bc2d-b84e44de8dfe",NULL,"renewal",NULL,"completed",False
"4074a355-3d7f-411d-81ba-6157288b085a","2024-05-03 21:49:16.185637+05:30","bob@cacheflow.com","2024-05-03 21:49:33.07911+05:30","bob@cacheflow.com","62ccc55f-76f2-4d3d-84d4-edfa71ecc44e","sen hjkk",NULL,"0","Aw==","3c0a098d-8436-460f-b6a2-40910c2e4fd1","0",NULL,False,True,NULL,NULL,NULL,"draft",NULL,NULL,"2024-06-02","006Hp000018O6zfIAC","month",NULL,NULL,"611cc6bb-bce0-4e4c-ac52-8daba3b90d5e",NULL,"initial",NULL,"deleted",False
"33ab7aea-c506-4311-85d0-fd008d2a369d","2024-04-19 15:45:07.419183+05:30","bob@cacheflow.com","2024-04-19 15:46:10.724298+05:30","bob@cacheflow.com","62ccc55f-76f2-4d3d-84d4-edfa71ecc44e","Test Oportunity Friday",NULL,"60000","AQ==","3c0a098d-8436-460f-b6a2-40910c2e4fd1","60000",NULL,False,False,NULL,NULL,NULL,"accepted",NULL,"2024-01-19","2024-05-19","006Hp000014t4chIAA","month",NULL,"2024-04-19 15:46:10.685577+05:30","59a21d12-6320-4395-ab0e-a88221270c92",NULL,"initial",NULL,"completed",False
"4e0f701c-bfcf-4f29-9574-425c56b3b901","2024-05-07 14:19:21.709562+05:30","bob@cacheflow.com","2024-05-07 14:25:16.029022+05:30","bob@cacheflow.com","62ccc55f-76f2-4d3d-84d4-edfa71ecc44e","optima engine",NULL,"0","Aw==","3c0a098d-8436-460f-b6a2-40910c2e4fd1","0",NULL,False,True,NULL,NULL,NULL,"draft",NULL,NULL,"2024-06-06","006Hp000018O8KTIA0","month",NULL,NULL,"7c044d2c-4c59-483c-ad32-910ccd22298f",NULL,"initial",NULL,"deleted",False
"088c0f3b-4eb7-4580-adb0-0fee36aeda39","2024-04-19 16:43:24.195272+05:30","bob@cacheflow.com","2024-04-19 16:44:17.924213+05:30","bob@cacheflow.com","62ccc55f-76f2-4d3d-84d4-edfa71ecc44e","Test Oportunity Friday [Renewal]",NULL,"60000","AQ==","3c0a098d-8436-460f-b6a2-40910c2e4fd1","60000","33ab7aea-c506-4311-85d0-fd008d2a369d",False,False,NULL,NULL,NULL,"accepted",NULL,"2024-04-19","2024-05-19","51","month",NULL,"2024-04-19 16:44:17.818835+05:30","59a21d12-6320-4395-ab0e-a88221270c92",NULL,"renewal",NULL,"completed",False
"e4ff72d4-3675-449c-a6ab-3764ec0c90c1","2024-05-08 17:13:01.432911+05:30","bob@cacheflow.com","2024-05-08 17:14:48.804161+05:30","bob@cacheflow.com","62ccc55f-76f2-4d3d-84d4-edfa71ecc44e","optima engine",NULL,"0","Aw==","3c0a098d-8436-460f-b6a2-40910c2e4fd1","0",NULL,False,True,NULL,NULL,NULL,"cancelled",NULL,NULL,"2024-06-07","006Hp000018O8KTIA0","month",NULL,NULL,"e5e9fcaa-d4d6-4a95-b57e-0d6be0ce983f",NULL,"initial",NULL,"deleted",False
"e65117fa-0cba-4f8b-a537-d4b26e31b64b","2024-04-19 19:11:34.288297+05:30","bob@cacheflow.com","2024-04-19 19:12:30.637895+05:30","bob@cacheflow.com","62ccc55f-76f2-4d3d-84d4-edfa71ecc44e","Invalid Opp Acc 1",NULL,"60000","AQ==","3c0a098d-8436-460f-b6a2-40910c2e4fd1","60000",NULL,False,False,NULL,NULL,NULL,"accepted",NULL,"2024-01-19","2024-05-19","006Hp000014sjJLIAY","month",NULL,"2024-04-19 19:12:30.600243+05:30","6cb8b637-6d02-46cb-86f7-7e159ad70aca",NULL,"initial",NULL,"completed",False
"e3d6cb38-2f14-437c-94b3-6b904513e5e4","2024-05-03 14:50:31.920442+05:30","bob@cacheflow.com","2024-05-03 16:03:57.571281+05:30","bob@cacheflow.com","62ccc55f-76f2-4d3d-84d4-edfa71ecc44e","sen hjkk",NULL,"0","Aw==","3c0a098d-8436-460f-b6a2-40910c2e4fd1","0",NULL,False,True,NULL,NULL,NULL,"draft",NULL,NULL,"2024-06-02","006Hp000018O6zfIAC","month",NULL,NULL,"611cc6bb-bce0-4e4c-ac52-8daba3b90d5e",NULL,"initial",NULL,"deleted",False
"7b3ef806-c12e-4e56-98ae-e82662356399","2024-05-03 21:50:03.526189+05:30","bob@cacheflow.com","2024-05-03 21:51:56.576827+05:30","bob@cacheflow.com","62ccc55f-76f2-4d3d-84d4-edfa71ecc44e","sen hjkk",NULL,"0","Aw==","3c0a098d-8436-460f-b6a2-40910c2e4fd1","0",NULL,False,True,NULL,NULL,NULL,"draft",NULL,NULL,"2024-06-02","006Hp000018O6zfIAC","month",NULL,NULL,"611cc6bb-bce0-4e4c-ac52-8daba3b90d5e",NULL,"initial",NULL,"deleted",False
"ab8b70a1-60d4-4ac9-9d91-5945c340d44c","2024-04-19 19:12:37.763298+05:30","bob@cacheflow.com","2024-04-19 19:12:58.230075+05:30","bob@cacheflow.com","62ccc55f-76f2-4d3d-84d4-edfa71ecc44e","Invalid Opp Acc 1 [Renewal]",NULL,"60000","AQ==","3c0a098d-8436-460f-b6a2-40910c2e4fd1","60000","e65117fa-0cba-4f8b-a537-d4b26e31b64b",False,False,NULL,NULL,NULL,"accepted",NULL,"2024-04-19","2024-05-19","53","month",NULL,"2024-04-19 19:12:58.215325+05:30","6cb8b637-6d02-46cb-86f7-7e159ad70aca",NULL,"renewal",NULL,"completed",False
"ed3a755e-3b02-448d-bce6-5652ceeeb688","2024-05-09 13:29:42.031842+05:30","bob@cacheflow.com","2024-05-09 13:29:46.409236+05:30","bob@cacheflow.com","62ccc55f-76f2-4d3d-84d4-edfa71ecc44e","optima engine",NULL,"0","Aw==","3c0a098d-8436-460f-b6a2-40910c2e4fd1","0",NULL,False,False,NULL,NULL,NULL,"cancelled",NULL,NULL,"2024-06-08","006Hp000018O8KTIA0","month",NULL,NULL,"4a91f842-cc02-4574-8620-8a248577f812",NULL,"initial",NULL,"cancelled",False
"289bbba7-5990-4ca2-a341-5eca97785def","2024-04-19 19:54:42.748876+05:30","bob@cacheflow.com","2024-04-19 19:55:09.660448+05:30","bob@cacheflow.com","62ccc55f-76f2-4d3d-84d4-edfa71ecc44e","test demo po 002",NULL,"80000","AQ==","3c0a098d-8436-460f-b6a2-40910c2e4fd1","80000",NULL,False,False,NULL,NULL,NULL,"accepted",NULL,"2024-01-19","2024-05-19","006Hp000014tEO0IAM","month",NULL,"2024-04-19 19:55:09.642213+05:30","5b67e708-5abf-4c14-bd84-5ca573ab88a8",NULL,"initial",NULL,"completed",False
"af19f4ba-db75-4ce8-acc7-2dd8be006087","2024-05-08 17:18:32.69298+05:30","bob@cacheflow.com","2024-05-08 17:18:59.094277+05:30","bob@cacheflow.com","62ccc55f-76f2-4d3d-84d4-edfa71ecc44e","optima engine",NULL,"0","Aw==","3c0a098d-8436-460f-b6a2-40910c2e4fd1","0",NULL,False,True,NULL,NULL,NULL,"cancelled",NULL,NULL,"2024-06-07","006Hp000018O8KTIA0","month",NULL,NULL,"e5e9fcaa-d4d6-4a95-b57e-0d6be0ce983f",NULL,"initial",NULL,"deleted",False
"dbe6f393-aac7-425b-8030-ac8cd548f763","2024-05-08 17:20:36.57403+05:30","bob@cacheflow.com","2024-05-08 17:21:57.024354+05:30","bob@cacheflow.com","62ccc55f-76f2-4d3d-84d4-edfa71ecc44e","optima engine",NULL,"0","Aw==","3c0a098d-8436-460f-b6a2-40910c2e4fd1","0",NULL,False,True,NULL,NULL,NULL,"cancelled",NULL,NULL,"2024-06-07","006Hp000018O8KTIA0","month",NULL,NULL,"e5e9fcaa-d4d6-4a95-b57e-0d6be0ce983f",NULL,"initial",NULL,"deleted",False
"14f1fc48-ebf4-45ad-8aad-1dd9609cedaf","2024-04-19 19:22:07.127116+05:30","bob@cacheflow.com","2024-04-19 19:51:55.639663+05:30","bob@cacheflow.com","62ccc55f-76f2-4d3d-84d4-edfa71ecc44e","test demo po 002",NULL,"60000","AQ==","3c0a098d-8436-460f-b6a2-40910c2e4fd1","60000",NULL,False,False,NULL,NULL,NULL,"accepted",NULL,"2024-01-19","2024-05-19","006Hp000014tF22IAE","month",NULL,"2024-04-19 19:51:55.58886+05:30","5b67e708-5abf-4c14-bd84-5ca573ab88a8",NULL,"initial",NULL,"completed",False
"af68457d-6166-472b-82d5-156cadf7134d","2024-05-08 17:22:31.090076+05:30","bob@cacheflow.com","2024-05-08 17:24:10.679527+05:30","bob@cacheflow.com","62ccc55f-76f2-4d3d-84d4-edfa71ecc44e","optima engine",NULL,"0","Aw==","3c0a098d-8436-460f-b6a2-40910c2e4fd1","0",NULL,False,True,NULL,NULL,NULL,"cancelled",NULL,NULL,"2024-06-07","006Hp000018O8KTIA0","month",NULL,NULL,"e5e9fcaa-d4d6-4a95-b57e-0d6be0ce983f",NULL,"initial",NULL,"deleted",False
"cd1f393c-cd17-410f-9dcc-604fe9010cfd","2024-04-19 20:56:19.063133+05:30","bob@cacheflow.com","2024-04-19 20:57:11.946105+05:30","bob@cacheflow.com","62ccc55f-76f2-4d3d-84d4-edfa71ecc44e","testing new opportunity by Vitesh",NULL,"60000","AQ==","3c0a098d-8436-460f-b6a2-40910c2e4fd1","60000",NULL,False,False,NULL,NULL,NULL,"accepted",NULL,"2024-01-19","2024-05-19","006Hp000014smGRIAY","month",NULL,"2024-04-19 20:57:11.91547+05:30","c6a09f77-e1db-4d0c-bec5-2140d072e4d1",NULL,"initial",NULL,"completed",False
"db29b65c-399b-4651-bb18-b0615bfc68de","2024-04-19 20:07:16.334801+05:30","bob@cacheflow.com","2024-04-19 20:07:40.91986+05:30","bob@cacheflow.com","62ccc55f-76f2-4d3d-84d4-edfa71ecc44e","test demo po 002 [Renewal]",NULL,"60000","AQ==","3c0a098d-8436-460f-b6a2-40910c2e4fd1","60000","14f1fc48-ebf4-45ad-8aad-1dd9609cedaf",False,False,NULL,NULL,NULL,"accepted",NULL,"2024-04-19","2024-05-19","57","month",NULL,"2024-04-19 20:07:40.798213+05:30","5b67e708-5abf-4c14-bd84-5ca573ab88a8",NULL,"renewal",NULL,"completed",False
"c1af7a20-2ceb-479e-99c9-7ad59e3eda0b","2024-05-08 17:25:24.888363+05:30","bob@cacheflow.com","2024-05-08 17:31:56.807011+05:30","bob@cacheflow.com","62ccc55f-76f2-4d3d-84d4-edfa71ecc44e","optima engine",NULL,"0","Aw==","3c0a098d-8436-460f-b6a2-40910c2e4fd1","0",NULL,False,True,NULL,NULL,NULL,"cancelled",NULL,NULL,"2024-06-07","006Hp000018O8KTIA0","month",NULL,NULL,"e5e9fcaa-d4d6-4a95-b57e-0d6be0ce983f",NULL,"initial",NULL,"deleted",False
"aa0511cc-78d2-4c63-9e97-2bd3bdb06ccf","2024-04-19 20:57:17.682484+05:30","bob@cacheflow.com","2024-04-19 20:57:32.547484+05:30","bob@cacheflow.com","62ccc55f-76f2-4d3d-84d4-edfa71ecc44e","testing new opportunity by Vitesh [Renewal]",NULL,"60000","AQ==","3c0a098d-8436-460f-b6a2-40910c2e4fd1","60000","cd1f393c-cd17-410f-9dcc-604fe9010cfd",False,False,NULL,NULL,NULL,"accepted",NULL,"2024-04-18","2024-05-19","60","month",NULL,"2024-04-19 20:57:32.529033+05:30","c6a09f77-e1db-4d0c-bec5-2140d072e4d1",NULL,"renewal",NULL,"completed",False
"f9260cb1-da1d-4186-b02d-8fa232e456db","2024-04-19 19:58:08.404662+05:30","bob@cacheflow.com","2024-04-19 20:34:07.046885+05:30","bob@cacheflow.com","62ccc55f-76f2-4d3d-84d4-edfa71ecc44e","Monday Opp",NULL,"60000","AQ==","3c0a098d-8436-460f-b6a2-40910c2e4fd1","60000",NULL,False,False,NULL,NULL,NULL,"accepted",NULL,"2024-02-24","2024-05-19","006Hp000014t77LIAQ","month",NULL,"2024-04-19 20:34:07.022928+05:30","0b307a7d-f3f0-4dce-9250-ba50f12fe3c7",NULL,"initial",NULL,"completed",False
"395537e7-063d-4995-a989-e4ce4bdc312e","2024-04-19 21:02:20.633072+05:30","bob@cacheflow.com","2024-04-19 21:03:02.474631+05:30","bob@cacheflow.com","62ccc55f-76f2-4d3d-84d4-edfa71ecc44e","Test Opp",NULL,"80000","AQ==","3c0a098d-8436-460f-b6a2-40910c2e4fd1","80000",NULL,False,False,NULL,NULL,NULL,"accepted",NULL,"2024-02-02","2024-05-19","006Hp000014sjJBIAY","month",NULL,"2024-04-19 21:03:02.4514+05:30","2817c9cf-d06b-4572-a08d-92f176bcb144",NULL,"initial",NULL,"completed",False
"b4be8b78-b758-49fe-9d4c-29e531dbecac","2024-04-19 21:36:02.784191+05:30","bob@cacheflow.com","2024-04-19 21:37:20.53391+05:30","bob@cacheflow.com","62ccc55f-76f2-4d3d-84d4-edfa71ecc44e","Opp Without Picklist",NULL,"60000","AQ==","3c0a098d-8436-460f-b6a2-40910c2e4fd1","60000",NULL,False,False,NULL,NULL,NULL,"accepted",NULL,"2024-01-19","2024-05-19","006Hp000014t5NaIAI","month",NULL,"2024-04-19 21:37:20.517242+05:30","927a437f-337a-49dd-acbe-44abecdf4327",NULL,"initial",NULL,"completed",False
"f90aa7b2-5cbc-4810-a84d-b3e53d68d857","2024-04-19 21:03:08.044606+05:30","bob@cacheflow.com","2024-04-19 21:46:56.57292+05:30","bob@cacheflow.com","62ccc55f-76f2-4d3d-84d4-edfa71ecc44e","United Oil Plant Standby Generators",NULL,"60000","AQ==","3c0a098d-8436-460f-b6a2-40910c2e4fd1","60000",NULL,False,False,NULL,NULL,NULL,"accepted",NULL,"2024-01-19","2024-05-19","006Hp000017B2UIIA0","month",NULL,"2024-04-19 21:46:56.559253+05:30","da0b075e-0bab-475c-a476-bad2c7b191a5",NULL,"initial",NULL,"completed",False
"d3401306-267a-45f4-92f2-2eaef0c4e77f","2024-04-19 20:47:18.193749+05:30","bob@cacheflow.com","2024-04-19 21:51:31.827394+05:30","bob@cacheflow.com","62ccc55f-76f2-4d3d-84d4-edfa71ecc44e","Edge Emergency Generator",NULL,"80000","AQ==","3c0a098d-8436-460f-b6a2-40910c2e4fd1","80000",NULL,False,False,NULL,NULL,NULL,"accepted",NULL,"2024-01-20","2024-05-19","006Hp000017B2UJIA0","month",NULL,"2024-04-19 21:51:31.812769+05:30","5d169388-4b27-409b-b1eb-2ee6741089fc",NULL,"initial",NULL,"completed",False
"0350b692-70cd-47bc-8c81-234cdf8d9616","2024-04-24 12:37:40.675942+05:30","bob@cacheflow.com","2024-05-16 19:00:08.122356+05:30","bob@cacheflow.com","62ccc55f-76f2-4d3d-84d4-edfa71ecc44e","[MANUAL-RENEWAL] - Monday Account - 10",NULL,"360000","Aw==","3c0a098d-8436-460f-b6a2-40910c2e4fd1","360000",NULL,False,False,NULL,NULL,NULL,"draft",NULL,NULL,"2024-05-24","006Hp000014tGfAIAU","month",NULL,NULL,"0b307a7d-f3f0-4dce-9250-ba50f12fe3c7",NULL,"initial",NULL,"draft",False
"65d44fb8-bfd1-4bd2-9b96-fa59bb8b40db","2024-04-19 21:37:27.340547+05:30","bob@cacheflow.com","2024-04-19 21:37:36.026482+05:30","bob@cacheflow.com","62ccc55f-76f2-4d3d-84d4-edfa71ecc44e","Opp Without Picklist [Renewal]",NULL,"60000","AQ==","3c0a098d-8436-460f-b6a2-40910c2e4fd1","60000","b4be8b78-b758-49fe-9d4c-29e531dbecac",False,False,NULL,NULL,NULL,"accepted",NULL,"2024-04-19","2024-05-19","65","month",NULL,"2024-04-19 21:37:36.015814+05:30","927a437f-337a-49dd-acbe-44abecdf4327",NULL,"renewal",NULL,"completed",False
"a99ba518-217d-44b0-bc66-0125255f5253","2024-04-24 20:57:23.453012+05:30","bob@cacheflow.com","2024-04-24 20:57:33.149353+05:30","bob@cacheflow.com","62ccc55f-76f2-4d3d-84d4-edfa71ecc44e","Monday Opp [Renewal]",NULL,"60000","AQ==","3c0a098d-8436-460f-b6a2-40910c2e4fd1","60000","f9260cb1-da1d-4186-b02d-8fa232e456db",False,False,NULL,NULL,NULL,"accepted",NULL,"2024-05-24","2024-05-24","72","month",NULL,"2024-04-24 20:57:33.027515+05:30","0b307a7d-f3f0-4dce-9250-ba50f12fe3c7",NULL,"renewal",NULL,"completed",False
"b536e9c8-f08c-4e8c-951e-f901c104f450","2024-04-19 22:00:59.423181+05:30","bob@cacheflow.com","2024-04-19 22:01:40.332244+05:30","bob@cacheflow.com","62ccc55f-76f2-4d3d-84d4-edfa71ecc44e","Invalid Opp Account 2",NULL,"60000","AQ==","3c0a098d-8436-460f-b6a2-40910c2e4fd1","60000",NULL,False,False,NULL,NULL,NULL,"accepted",NULL,"2024-02-19","2024-05-19","006Hp000014sjJGIAY","month",NULL,"2024-04-19 22:01:40.319865+05:30","c6a09f77-e1db-4d0c-bec5-2140d072e4d1",NULL,"initial",NULL,"completed",False
"c1b0157e-f62b-4ca7-9b21-fee214bd7179","2024-04-19 21:17:36.22647+05:30","bob@cacheflow.com","2024-04-19 21:39:17.369041+05:30","bob@cacheflow.com","62ccc55f-76f2-4d3d-84d4-edfa71ecc44e","Express Logistics SLA",NULL,"80000","AQ==","3c0a098d-8436-460f-b6a2-40910c2e4fd1","80000",NULL,False,False,NULL,NULL,NULL,"accepted",NULL,"2024-01-20","2024-05-19","006Hp000017B2UBIA0","month",NULL,"2024-04-19 21:39:17.352634+05:30","fad023e0-998b-45be-88c2-d4309dbe2c37",NULL,"initial",NULL,"completed",False
"420c5c4a-f7b8-476f-8be2-5f32301ed574","2024-04-19 21:47:04.390576+05:30","bob@cacheflow.com","2024-04-19 21:47:12.152831+05:30","bob@cacheflow.com","62ccc55f-76f2-4d3d-84d4-edfa71ecc44e","United Oil Plant Standby Generators [Renewal]",NULL,"60000","AQ==","3c0a098d-8436-460f-b6a2-40910c2e4fd1","60000","f90aa7b2-5cbc-4810-a84d-b3e53d68d857",False,False,NULL,NULL,NULL,"accepted",NULL,"2024-04-19","2024-05-19","66","month",NULL,"2024-04-19 21:47:12.14361+05:30","da0b075e-0bab-475c-a476-bad2c7b191a5",NULL,"renewal",NULL,"completed",False
"3c642392-5554-4d89-833f-1aad696e9eca","2024-04-24 12:22:19.192175+05:30","bob@cacheflow.com","2024-04-24 12:42:46.275845+05:30","bob@cacheflow.com","62ccc55f-76f2-4d3d-84d4-edfa71ecc44e","Test for PO 001",NULL,"80000","AQ==","3c0a098d-8436-460f-b6a2-40910c2e4fd1","80000",NULL,False,False,NULL,NULL,NULL,"accepted",NULL,"2024-01-24","2024-05-24","006Hp000014tEMlIAM","month",NULL,"2024-04-24 12:42:46.232532+05:30","5b67e708-5abf-4c14-bd84-5ca573ab88a8",NULL,"initial",NULL,"completed",False
"94fb13c7-0204-4600-9642-47113908390f","2024-04-22 11:41:23.56907+05:30","bob@cacheflow.com","2024-04-22 11:42:06.362352+05:30","bob@cacheflow.com","62ccc55f-76f2-4d3d-84d4-edfa71ecc44e","Grand Hotels Kitchen Generator",NULL,"80000","AQ==","3c0a098d-8436-460f-b6a2-40910c2e4fd1","80000",NULL,False,False,NULL,NULL,NULL,"accepted",NULL,"2024-01-21","2024-05-22","006Hp000017B2TyIAK","month",NULL,"2024-04-22 11:42:06.330385+05:30","5b67e708-5abf-4c14-bd84-5ca573ab88a8",NULL,"initial",NULL,"completed",False
"b667883c-9026-4cd5-94b7-dd9fba0a7c75","2024-04-25 10:30:56.016233+05:30","bob@cacheflow.com","2024-04-25 10:31:32.884048+05:30","bob@cacheflow.com","62ccc55f-76f2-4d3d-84d4-edfa71ecc44e","Grand Hotels Guest Portable Generators",NULL,"60000","AQ==","3c0a098d-8436-460f-b6a2-40910c2e4fd1","60000",NULL,False,False,NULL,NULL,NULL,"accepted",NULL,"2024-01-25","2024-05-25","006Hp000017B2TzIAK","month",NULL,"2024-04-25 10:31:32.848194+05:30","5b67e708-5abf-4c14-bd84-5ca573ab88a8",NULL,"initial",NULL,"completed",False
"1cb80f77-8f1a-460f-89bf-16f927e7aa3d","2024-04-25 10:31:38.725695+05:30","bob@cacheflow.com","2024-04-25 10:31:59.647436+05:30","bob@cacheflow.com","62ccc55f-76f2-4d3d-84d4-edfa71ecc44e","Grand Hotels Guest Portable Generators [Renewal]",NULL,"60000","AQ==","3c0a098d-8436-460f-b6a2-40910c2e4fd1","60000","b667883c-9026-4cd5-94b7-dd9fba0a7c75",False,False,NULL,NULL,NULL,"accepted",NULL,"2024-04-25","2024-05-25","74","month",NULL,"2024-04-25 10:31:59.623926+05:30","5b67e708-5abf-4c14-bd84-5ca573ab88a8",NULL,"renewal",NULL,"completed",False
"f19ff971-a4d3-41b3-81e2-2c2c84b4b075","2024-04-30 17:26:29.796926+05:30","bob@cacheflow.com","2024-04-30 17:28:27.839912+05:30","bob@cacheflow.com","62ccc55f-76f2-4d3d-84d4-edfa71ecc44e","test johny",NULL,"200000","AQ==","3c0a098d-8436-460f-b6a2-40910c2e4fd1","200000",NULL,False,False,NULL,NULL,NULL,"accepted",NULL,"2024-01-29","2024-05-30","006Hp000018O6hpIAC","month",NULL,"2024-04-30 17:28:27.812898+05:30","899b167c-82c9-4957-bc2d-b84e44de8dfe",NULL,"initial",NULL,"completed",False
"4890bd63-4905-4433-b100-59250b63db8a","2024-04-30 17:34:49.086327+05:30","bob@cacheflow.com","2024-04-30 17:35:42.135921+05:30","bob@cacheflow.com","62ccc55f-76f2-4d3d-84d4-edfa71ecc44e","autoRenewal",NULL,"200000","AQ==","3c0a098d-8436-460f-b6a2-40910c2e4fd1","200000",NULL,False,False,NULL,NULL,NULL,"accepted",NULL,"2023-12-29","2024-05-30","006Hp000018O6huIAC","month",NULL,"2024-04-30 17:35:42.109274+05:30","899b167c-82c9-4957-bc2d-b84e44de8dfe",NULL,"initial",NULL,"completed",False
"8204899e-11b6-461d-8d7b-5cb967ddcc5c","2024-05-03 12:45:19.977187+05:30","bob@cacheflow.com","2024-05-03 12:47:20.783299+05:30","bob@cacheflow.com","62ccc55f-76f2-4d3d-84d4-edfa71ecc44e","jamela test",NULL,"240000","Aw==","3c0a098d-8436-460f-b6a2-40910c2e4fd1","240000",NULL,False,False,NULL,NULL,NULL,"accepted",NULL,NULL,"2024-06-02","006Hp000018O6zVIAS","month",NULL,"2024-05-03 12:47:20.749232+05:30","5a03db50-bd5d-4863-b77f-fa1c4fb0267d",NULL,"initial",NULL,"completed",False
"c05a4c9e-c0eb-40fa-b1e8-d0b871dd8583","2024-05-03 12:56:02.903748+05:30","bob@cacheflow.com","2024-05-03 12:56:14.51907+05:30","bob@cacheflow.com","62ccc55f-76f2-4d3d-84d4-edfa71ecc44e","sen hjkk",NULL,"0","Aw==","3c0a098d-8436-460f-b6a2-40910c2e4fd1","0",NULL,False,True,NULL,NULL,NULL,"draft",NULL,NULL,"2024-06-02","006Hp000018O6zfIAC","month",NULL,NULL,"01bb89ab-90d4-4781-b8c9-da7fb08a15b3",NULL,"initial",NULL,"deleted",False
"6ebe5b54-1355-4453-990d-88c056e5cec4","2024-05-03 13:13:37.313541+05:30","bob@cacheflow.com","2024-05-03 13:26:12.080136+05:30","bob@cacheflow.com","62ccc55f-76f2-4d3d-84d4-edfa71ecc44e","sen hjkk",NULL,"240000","Aw==","3c0a098d-8436-460f-b6a2-40910c2e4fd1","240000",NULL,False,True,NULL,NULL,NULL,"draft",NULL,NULL,"2024-06-02","006Hp000018O6zfIAC","month",NULL,NULL,"b3fee962-4cf0-4b28-99ea-8348dcff3481",NULL,"initial",NULL,"deleted",False
"f78e03d0-4752-442b-9d07-7d7eebb7e6e4","2024-05-03 14:25:00.694019+05:30","bob@cacheflow.com","2024-05-03 14:25:42.84649+05:30","bob@cacheflow.com","62ccc55f-76f2-4d3d-84d4-edfa71ecc44e","sen hjkk",NULL,"0","Aw==","3c0a098d-8436-460f-b6a2-40910c2e4fd1","0",NULL,False,True,NULL,NULL,NULL,"draft",NULL,NULL,"2024-06-02","006Hp000018O6zfIAC","month",NULL,NULL,"144de069-9140-4c5d-89cf-0321c83184e1",NULL,"initial",NULL,"deleted",False
"023be8a4-485b-4a99-a093-d5eb09a5f341","2024-05-03 13:27:02.329783+05:30","bob@cacheflow.com","2024-05-03 14:24:21.560217+05:30","bob@cacheflow.com","62ccc55f-76f2-4d3d-84d4-edfa71ecc44e","sen hjkk",NULL,"240000","Aw==","3c0a098d-8436-460f-b6a2-40910c2e4fd1","240000",NULL,False,True,NULL,NULL,NULL,"draft",NULL,NULL,"2024-06-02","006Hp000018O6zfIAC","month",NULL,NULL,"b3fee962-4cf0-4b28-99ea-8348dcff3481",NULL,"initial",NULL,"deleted",False
"102fe0a3-0063-450d-87f4-a00c70a5bc5c","2024-05-03 14:26:24.06504+05:30","bob@cacheflow.com","2024-05-03 14:27:56.698636+05:30","bob@cacheflow.com","62ccc55f-76f2-4d3d-84d4-edfa71ecc44e","sen hjkk",NULL,"0","Aw==","3c0a098d-8436-460f-b6a2-40910c2e4fd1","0",NULL,False,True,NULL,NULL,NULL,"draft",NULL,NULL,"2024-06-02","006Hp000018O6zfIAC","month",NULL,NULL,"472b97dc-9df6-4514-877e-ed5c7d6a82cd",NULL,"initial",NULL,"deleted",False
"be194d40-6f4e-41dd-a969-da06c7466886","2024-05-08 17:36:10.979339+05:30","bob@cacheflow.com","2024-05-08 17:42:21.033097+05:30","bob@cacheflow.com","62ccc55f-76f2-4d3d-84d4-edfa71ecc44e","optima engine",NULL,"0","Aw==","3c0a098d-8436-460f-b6a2-40910c2e4fd1","0",NULL,False,True,NULL,NULL,NULL,"cancelled",NULL,NULL,"2024-06-07","006Hp000018O8KTIA0","month",NULL,NULL,"7c456733-c7f0-4d95-ae59-586675ec2b17",NULL,"initial",NULL,"deleted",False
"e063db5e-0462-45b9-a5aa-10c05d07e65a","2024-05-08 18:05:54.881354+05:30","bob@cacheflow.com","2024-05-08 18:08:01.927839+05:30","bob@cacheflow.com","62ccc55f-76f2-4d3d-84d4-edfa71ecc44e","optima engine",NULL,"0","Aw==","3c0a098d-8436-460f-b6a2-40910c2e4fd1","0",NULL,False,True,NULL,NULL,NULL,"draft",NULL,NULL,"2024-06-07","006Hp000018O8KTIA0","month",NULL,NULL,"948c0760-f424-467e-930b-6f839d5c67f6",NULL,"initial",NULL,"deleted",False
"beccf933-0141-4e62-a8bb-5baf64c84139","2024-05-08 18:11:00.217345+05:30","bob@cacheflow.com","2024-05-08 18:11:05.306676+05:30","bob@cacheflow.com","62ccc55f-76f2-4d3d-84d4-edfa71ecc44e","optima engine",NULL,"0","Aw==","3c0a098d-8436-460f-b6a2-40910c2e4fd1","0",NULL,False,True,NULL,NULL,NULL,"cancelled",NULL,NULL,"2024-06-07","006Hp000018O8KTIA0","month",NULL,NULL,"948c0760-f424-467e-930b-6f839d5c67f6",NULL,"initial",NULL,"cancelled",False
"d1248e39-6326-4057-9d24-c09238a85ecc","2024-05-08 18:15:23.220461+05:30","bob@cacheflow.com","2024-05-08 18:17:12.77109+05:30","bob@cacheflow.com","62ccc55f-76f2-4d3d-84d4-edfa71ecc44e","optima engine",NULL,"0","Aw==","3c0a098d-8436-460f-b6a2-40910c2e4fd1","0",NULL,False,True,NULL,NULL,NULL,"cancelled",NULL,NULL,"2024-06-07","006Hp000018O8KTIA0","month",NULL,NULL,"a55f88de-4c99-4491-866b-f2548cd07d18",NULL,"initial",NULL,"cancelled",False
"0e445a8e-e030-413b-ab7c-7de19eec8157","2024-05-08 18:20:08.332284+05:30","bob@cacheflow.com","2024-05-08 18:21:28.753606+05:30","bob@cacheflow.com","62ccc55f-76f2-4d3d-84d4-edfa71ecc44e","optima engine",NULL,"0","Aw==","3c0a098d-8436-460f-b6a2-40910c2e4fd1","0",NULL,False,True,NULL,NULL,NULL,"cancelled",NULL,NULL,"2024-06-07","006Hp000018O8KTIA0","month",NULL,NULL,"a55f88de-4c99-4491-866b-f2548cd07d18",NULL,"initial",NULL,"cancelled",False
"90a5e3e0-2132-40d4-9c5f-e6e028ea9e89","2024-05-08 18:24:04.47464+05:30","bob@cacheflow.com","2024-05-08 18:25:18.792425+05:30","bob@cacheflow.com","62ccc55f-76f2-4d3d-84d4-edfa71ecc44e","optima engine",NULL,"0","Aw==","3c0a098d-8436-460f-b6a2-40910c2e4fd1","0",NULL,False,True,NULL,NULL,NULL,"cancelled",NULL,NULL,"2024-06-07","006Hp000018O8KTIA0","month",NULL,NULL,"e41a85fa-a6a8-40a3-9fd5-69f11b1ec602",NULL,"initial",NULL,"cancelled",False
"50da4424-9d0e-4b26-b589-834a26f053f6","2024-05-08 18:28:31.42083+05:30","bob@cacheflow.com","2024-05-08 18:28:39.350914+05:30","bob@cacheflow.com","62ccc55f-76f2-4d3d-84d4-edfa71ecc44e","optima engine",NULL,"0","Aw==","3c0a098d-8436-460f-b6a2-40910c2e4fd1","0",NULL,False,True,NULL,NULL,NULL,"cancelled",NULL,NULL,"2024-06-07","006Hp000018O8KTIA0","month",NULL,NULL,"e41a85fa-a6a8-40a3-9fd5-69f11b1ec602",NULL,"initial",NULL,"cancelled",False
"1a4ba0a9-adce-4ab7-876a-340d044d9846","2024-05-08 19:17:41.439442+05:30","bob@cacheflow.com","2024-05-08 19:18:27.661287+05:30","bob@cacheflow.com","62ccc55f-76f2-4d3d-84d4-edfa71ecc44e","sen hjkk",NULL,"0","Aw==","3c0a098d-8436-460f-b6a2-40910c2e4fd1","0",NULL,False,True,NULL,NULL,NULL,"cancelled",NULL,NULL,"2024-06-07","006Hp000018O6zfIAC","month",NULL,NULL,"c56f0234-4772-476d-a410-5acd416ee99f",NULL,"initial",NULL,"cancelled",False
"155e31d2-5453-4479-a6ca-ba936940b01a","2024-05-08 19:16:57.146583+05:30","bob@cacheflow.com","2024-05-08 19:19:37.823434+05:30","bob@cacheflow.com","62ccc55f-76f2-4d3d-84d4-edfa71ecc44e","sen hjkk",NULL,"0","Aw==","3c0a098d-8436-460f-b6a2-40910c2e4fd1","0",NULL,False,True,NULL,NULL,NULL,"cancelled",NULL,NULL,"2024-06-07","006Hp000018O6zfIAC","month",NULL,NULL,"c56f0234-4772-476d-a410-5acd416ee99f",NULL,"initial",NULL,"cancelled",False
"8e0b5ad8-d5e5-4e11-8cca-f4bea092a5ba","2024-05-08 18:35:02.098352+05:30","bob@cacheflow.com","2024-05-08 19:20:03.361558+05:30","bob@cacheflow.com","62ccc55f-76f2-4d3d-84d4-edfa71ecc44e","optima engine",NULL,"0","Aw==","3c0a098d-8436-460f-b6a2-40910c2e4fd1","0",NULL,False,True,NULL,NULL,NULL,"cancelled",NULL,NULL,"2024-06-07","006Hp000018O8KTIA0","month",NULL,NULL,"e41a85fa-a6a8-40a3-9fd5-69f11b1ec602",NULL,"initial",NULL,"cancelled",False
"01051e3e-a152-44a5-befd-050cf5e63303","2024-05-08 19:20:56.240823+05:30","bob@cacheflow.com","2024-05-08 19:21:24.496873+05:30","bob@cacheflow.com","62ccc55f-76f2-4d3d-84d4-edfa71ecc44e","optima engine",NULL,"0","Aw==","3c0a098d-8436-460f-b6a2-40910c2e4fd1","0",NULL,False,True,NULL,NULL,NULL,"cancelled",NULL,NULL,"2024-06-07","006Hp000018O8KTIA0","month",NULL,NULL,"e41a85fa-a6a8-40a3-9fd5-69f11b1ec602",NULL,"initial",NULL,"cancelled",False
"9d028172-c05d-4f22-80ca-9648e2a1b49a","2024-05-08 18:35:21.283647+05:30","bob@cacheflow.com","2024-05-08 19:21:35.931631+05:30","bob@cacheflow.com","62ccc55f-76f2-4d3d-84d4-edfa71ecc44e","optima engine",NULL,"0","Aw==","3c0a098d-8436-460f-b6a2-40910c2e4fd1","0",NULL,False,True,NULL,NULL,NULL,"cancelled",NULL,NULL,"2024-06-07","006Hp000018O8KTIA0","month",NULL,NULL,"e41a85fa-a6a8-40a3-9fd5-69f11b1ec602",NULL,"initial",NULL,"cancelled",False
"a555b7e0-19e6-4d6e-b7f3-b0d590dd3ed1","2024-05-08 19:21:55.096319+05:30","bob@cacheflow.com","2024-05-08 19:23:44.555732+05:30","bob@cacheflow.com","62ccc55f-76f2-4d3d-84d4-edfa71ecc44e","optima engine",NULL,"0","Aw==","3c0a098d-8436-460f-b6a2-40910c2e4fd1","0",NULL,False,True,NULL,NULL,NULL,"cancelled",NULL,NULL,"2024-06-07","006Hp000018O8KTIA0","month",NULL,NULL,"e41a85fa-a6a8-40a3-9fd5-69f11b1ec602",NULL,"initial",NULL,"cancelled",False
"56898816-7599-4e64-93f4-d3f8b373372e","2024-05-08 19:25:50.87445+05:30","bob@cacheflow.com","2024-05-08 19:29:30.142365+05:30","bob@cacheflow.com","62ccc55f-76f2-4d3d-84d4-edfa71ecc44e","optima engine",NULL,"0","Aw==","3c0a098d-8436-460f-b6a2-40910c2e4fd1","0",NULL,False,True,NULL,NULL,NULL,"cancelled",NULL,NULL,"2024-06-07","006Hp000018O8KTIA0","month",NULL,NULL,"e41a85fa-a6a8-40a3-9fd5-69f11b1ec602",NULL,"initial",NULL,"cancelled",False
"033d91e7-24d8-4856-a1a7-efdf71d48c02","2024-05-08 19:24:11.237028+05:30","bob@cacheflow.com","2024-05-08 19:29:45.359793+05:30","bob@cacheflow.com","62ccc55f-76f2-4d3d-84d4-edfa71ecc44e","sen hjkk",NULL,"0","Aw==","3c0a098d-8436-460f-b6a2-40910c2e4fd1","0",NULL,False,True,NULL,NULL,NULL,"cancelled",NULL,NULL,"2024-06-07","006Hp000018O6zfIAC","month",NULL,NULL,"c56f0234-4772-476d-a410-5acd416ee99f",NULL,"initial",NULL,"cancelled",False
"91708cce-3eda-4356-a751-289e2f0aa293","2024-05-08 17:35:43.149815+05:30","bob@cacheflow.com","2024-05-08 19:38:01.803166+05:30","bob@cacheflow.com","62ccc55f-76f2-4d3d-84d4-edfa71ecc44e","optima engine",NULL,"0","Aw==","3c0a098d-8436-460f-b6a2-40910c2e4fd1","0",NULL,False,True,NULL,NULL,NULL,"cancelled",NULL,NULL,"2024-06-07","006Hp000018O8KTIA0","month",NULL,NULL,"7c456733-c7f0-4d95-ae59-586675ec2b17",NULL,"initial",NULL,"deleted",False
"8835015c-487c-4842-9a8b-d69538d639dc","2024-05-08 19:30:03.310274+05:30","bob@cacheflow.com","2024-05-08 19:31:17.466545+05:30","bob@cacheflow.com","62ccc55f-76f2-4d3d-84d4-edfa71ecc44e","optima engine",NULL,"0","Aw==","3c0a098d-8436-460f-b6a2-40910c2e4fd1","0",NULL,False,True,NULL,NULL,NULL,"cancelled",NULL,NULL,"2024-06-07","006Hp000018O8KTIA0","quarter",NULL,NULL,"e41a85fa-a6a8-40a3-9fd5-69f11b1ec602",NULL,"initial",NULL,"cancelled",False
"40f95c62-a226-4e66-bee6-3333a1daab16","2024-05-08 17:47:56.33228+05:30","bob@cacheflow.com","2024-05-08 19:37:51.400387+05:30","bob@cacheflow.com","62ccc55f-76f2-4d3d-84d4-edfa71ecc44e","optima engine",NULL,"0","Aw==","3c0a098d-8436-460f-b6a2-40910c2e4fd1","0",NULL,False,True,NULL,NULL,NULL,"cancelled",NULL,NULL,"2024-06-07","006Hp000018O8KTIA0","month",NULL,NULL,"7c456733-c7f0-4d95-ae59-586675ec2b17",NULL,"initial",NULL,"deleted",False
"58b35f7f-bcc2-46ad-958d-1d3a0e0a8079","2024-05-08 19:38:17.068537+05:30","bob@cacheflow.com","2024-05-08 19:38:26.557255+05:30","bob@cacheflow.com","62ccc55f-76f2-4d3d-84d4-edfa71ecc44e","optima engine",NULL,"0","Aw==","3c0a098d-8436-460f-b6a2-40910c2e4fd1","0",NULL,False,True,NULL,NULL,NULL,"draft",NULL,NULL,"2024-06-07","006Hp000018O8KTIA0","month",NULL,NULL,"c47a59eb-788b-4b17-b04f-97c6460c7acd",NULL,"initial",NULL,"deleted",False
"cef852b2-a004-416e-ad7d-76e5286765de","2024-05-08 19:38:53.804601+05:30","bob@cacheflow.com","2024-05-08 19:38:59.79458+05:30","bob@cacheflow.com","62ccc55f-76f2-4d3d-84d4-edfa71ecc44e","optima engine",NULL,"0","Aw==","3c0a098d-8436-460f-b6a2-40910c2e4fd1","0",NULL,False,True,NULL,NULL,NULL,"draft",NULL,NULL,"2024-06-07","006Hp000018O8KTIA0","month",NULL,NULL,"4a91f842-cc02-4574-8620-8a248577f812",NULL,"initial",NULL,"deleted",False
"171d6257-4d41-4d29-b5a8-fb54a5a5f26d","2024-05-09 12:26:04.441565+05:30","bob@cacheflow.com","2024-05-09 12:32:43.361502+05:30","bob@cacheflow.com","62ccc55f-76f2-4d3d-84d4-edfa71ecc44e","optima engine",NULL,"0","Aw==","3c0a098d-8436-460f-b6a2-40910c2e4fd1","0",NULL,False,True,NULL,NULL,NULL,"cancelled",NULL,NULL,"2024-06-08","006Hp000018O8KTIA0","month",NULL,NULL,"4a91f842-cc02-4574-8620-8a248577f812",NULL,"initial",NULL,"deleted",False
"7b873848-9dd0-401e-a5a4-ada90980c40e","2024-05-09 12:36:48.009398+05:30","bob@cacheflow.com","2024-05-09 12:38:17.889451+05:30","bob@cacheflow.com","62ccc55f-76f2-4d3d-84d4-edfa71ecc44e","optima engine",NULL,"0","Aw==","3c0a098d-8436-460f-b6a2-40910c2e4fd1","0",NULL,False,True,NULL,NULL,NULL,"cancelled",NULL,NULL,"2024-06-08","006Hp000018O8KTIA0","month",NULL,NULL,"4a91f842-cc02-4574-8620-8a248577f812",NULL,"initial",NULL,"cancelled",False
"3bb83c36-c429-4156-b9d7-5856e1755994","2024-05-09 12:38:57.534826+05:30","bob@cacheflow.com","2024-05-09 12:40:49.416789+05:30","bob@cacheflow.com","62ccc55f-76f2-4d3d-84d4-edfa71ecc44e","optima engine",NULL,"0","Aw==","3c0a098d-8436-460f-b6a2-40910c2e4fd1","0",NULL,False,True,NULL,NULL,NULL,"cancelled",NULL,NULL,"2024-06-08","006Hp000018O8KTIA0","month",NULL,NULL,"4a91f842-cc02-4574-8620-8a248577f812",NULL,"initial",NULL,"cancelled",False
"381ce03c-2234-4cda-ad55-f1bafe8edc46","2024-05-09 13:30:58.524004+05:30","bob@cacheflow.com","2024-05-09 13:31:18.365727+05:30","bob@cacheflow.com","62ccc55f-76f2-4d3d-84d4-edfa71ecc44e","optima engine",NULL,"0","Aw==","3c0a098d-8436-460f-b6a2-40910c2e4fd1","0",NULL,False,False,NULL,NULL,NULL,"cancelled",NULL,NULL,"2024-06-08","006Hp000018O8KTIA0","month",NULL,NULL,"4a91f842-cc02-4574-8620-8a248577f812",NULL,"initial",NULL,"cancelled",False
"d3186639-73c5-4272-b600-4ea3d66bdc80","2024-05-09 12:44:42.226137+05:30","bob@cacheflow.com","2024-05-09 12:45:29.834324+05:30","bob@cacheflow.com","62ccc55f-76f2-4d3d-84d4-edfa71ecc44e","optima engine",NULL,"0","Aw==","3c0a098d-8436-460f-b6a2-40910c2e4fd1","0",NULL,False,True,NULL,NULL,NULL,"cancelled",NULL,NULL,"2024-06-08","006Hp000018O8KTIA0","month",NULL,NULL,"4a91f842-cc02-4574-8620-8a248577f812",NULL,"initial",NULL,"cancelled",False
"5bba35a1-5289-43ec-8889-294fd9d86f00","2024-05-09 13:31:51.272127+05:30","bob@cacheflow.com","2024-05-09 13:32:53.841374+05:30","bob@cacheflow.com","62ccc55f-76f2-4d3d-84d4-edfa71ecc44e","optima engine",NULL,"0","Aw==","3c0a098d-8436-460f-b6a2-40910c2e4fd1","0",NULL,False,False,NULL,NULL,NULL,"cancelled",NULL,NULL,"2024-06-08","006Hp000018O8KTIA0","month",NULL,NULL,"4a91f842-cc02-4574-8620-8a248577f812",NULL,"initial",NULL,"cancelled",False
"28a7101b-23a7-4206-a67f-e02abad39ce7","2024-05-09 13:01:12.673937+05:30","bob@cacheflow.com","2024-05-09 13:04:14.336515+05:30","bob@cacheflow.com","62ccc55f-76f2-4d3d-84d4-edfa71ecc44e","optima engine",NULL,"0","Aw==","3c0a098d-8436-460f-b6a2-40910c2e4fd1","0",NULL,False,True,NULL,NULL,NULL,"cancelled",NULL,NULL,"2024-06-08","006Hp000018O8KTIA0","month",NULL,NULL,"4a91f842-cc02-4574-8620-8a248577f812",NULL,"initial",NULL,"cancelled",False
"c8803f26-6726-4b8e-b883-9f7fd45d1761","2024-05-09 13:03:46.381633+05:30","bob@cacheflow.com","2024-05-09 13:04:53.03327+05:30","bob@cacheflow.com","62ccc55f-76f2-4d3d-84d4-edfa71ecc44e","optima engine",NULL,"0","Aw==","3c0a098d-8436-460f-b6a2-40910c2e4fd1","0",NULL,False,True,NULL,NULL,NULL,"cancelled",NULL,NULL,"2024-06-08","006Hp000018O8KTIA0","month",NULL,NULL,"4a91f842-cc02-4574-8620-8a248577f812",NULL,"initial",NULL,"cancelled",False
"4d08dfda-f6e2-4a6e-81b9-79f4e112620c","2024-05-09 14:25:05.722142+05:30","bob@cacheflow.com","2024-05-09 14:26:08.951903+05:30","bob@cacheflow.com","62ccc55f-76f2-4d3d-84d4-edfa71ecc44e","optima engine",NULL,"0","Aw==","3c0a098d-8436-460f-b6a2-40910c2e4fd1","0",NULL,False,False,NULL,NULL,NULL,"cancelled",NULL,NULL,"2024-06-08","006Hp000018O8KTIA0","month",NULL,NULL,"4a91f842-cc02-4574-8620-8a248577f812",NULL,"initial",NULL,"cancelled",False
"be77c457-3dd8-4a69-bf93-5d0587093b12","2024-05-09 13:09:16.278294+05:30","bob@cacheflow.com","2024-05-09 13:09:26.345948+05:30","bob@cacheflow.com","62ccc55f-76f2-4d3d-84d4-edfa71ecc44e","Untitled",NULL,"0","Aw==","3c0a098d-8436-460f-b6a2-40910c2e4fd1","0",NULL,False,True,NULL,NULL,NULL,"cancelled",NULL,NULL,"2024-06-08","124","month",NULL,NULL,NULL,NULL,"initial",NULL,"cancelled",False
"1e6a7d1e-079d-4224-94b0-793f8488c52d","2024-05-09 14:27:00.976308+05:30","bob@cacheflow.com","2024-05-09 14:31:26.160428+05:30","bob@cacheflow.com","62ccc55f-76f2-4d3d-84d4-edfa71ecc44e","optima engine",NULL,"0","Aw==","3c0a098d-8436-460f-b6a2-40910c2e4fd1","0",NULL,False,False,NULL,NULL,NULL,"cancelled",NULL,NULL,"2024-06-08","006Hp000018O8KTIA0","month",NULL,NULL,"4a91f842-cc02-4574-8620-8a248577f812",NULL,"initial",NULL,"cancelled",False
"95fa5651-ca65-4d95-a096-23ee427c4961","2024-05-09 13:11:30.497789+05:30","bob@cacheflow.com","2024-05-09 13:11:37.093605+05:30","bob@cacheflow.com","62ccc55f-76f2-4d3d-84d4-edfa71ecc44e","Untitled",NULL,"0","Aw==","3c0a098d-8436-460f-b6a2-40910c2e4fd1","0",NULL,False,False,NULL,NULL,NULL,"cancelled",NULL,NULL,"2024-06-08","125","month",NULL,NULL,NULL,NULL,"initial",NULL,"cancelled",False
"d08eefd1-8064-4d61-8610-8aa6dc95a7bb","2024-05-09 13:23:42.121743+05:30","bob@cacheflow.com","2024-05-09 13:24:09.91916+05:30","bob@cacheflow.com","62ccc55f-76f2-4d3d-84d4-edfa71ecc44e","optima engine",NULL,"0","Aw==","3c0a098d-8436-460f-b6a2-40910c2e4fd1","0",NULL,False,False,NULL,NULL,NULL,"cancelled",NULL,NULL,"2024-06-08","006Hp000018O8KTIA0","month",NULL,NULL,"4a91f842-cc02-4574-8620-8a248577f812",NULL,"initial",NULL,"cancelled",False
"9ee89c4d-22f0-447f-8d1a-b47021bb77b2","2024-05-09 14:36:27.616267+05:30","bob@cacheflow.com","2024-05-09 14:36:59.650127+05:30","bob@cacheflow.com","62ccc55f-76f2-4d3d-84d4-edfa71ecc44e","sen hjkk",NULL,"0","Aw==","3c0a098d-8436-460f-b6a2-40910c2e4fd1","0",NULL,False,False,NULL,NULL,NULL,"cancelled",NULL,NULL,"2024-06-08","006Hp000018O6zfIAC","month",NULL,NULL,"c56f0234-4772-476d-a410-5acd416ee99f",NULL,"initial",NULL,"cancelled",False
"e65a67f5-87b2-4b60-8842-161c810ce4c5","2024-05-09 13:24:27.771578+05:30","bob@cacheflow.com","2024-05-09 13:24:55.40654+05:30","bob@cacheflow.com","62ccc55f-76f2-4d3d-84d4-edfa71ecc44e","optima engine",NULL,"0","Aw==","3c0a098d-8436-460f-b6a2-40910c2e4fd1","0",NULL,False,False,NULL,NULL,NULL,"cancelled",NULL,NULL,"2024-06-08","006Hp000018O8KTIA0","month",NULL,NULL,"4a91f842-cc02-4574-8620-8a248577f812",NULL,"initial",NULL,"cancelled",False
"3d07afc0-f73d-4bef-a76f-ac74eacee5a3","2024-05-09 14:38:21.541055+05:30","bob@cacheflow.com","2024-05-09 14:38:30.423779+05:30","bob@cacheflow.com","62ccc55f-76f2-4d3d-84d4-edfa71ecc44e","optima engine",NULL,"0","Aw==","3c0a098d-8436-460f-b6a2-40910c2e4fd1","0",NULL,False,False,NULL,NULL,NULL,"cancelled",NULL,NULL,"2024-06-08","006Hp000018O8KTIA0","month",NULL,NULL,"4a91f842-cc02-4574-8620-8a248577f812",NULL,"initial",NULL,"cancelled",False
"99869dba-9c60-45d3-b9b6-960494dd04e9","2024-05-09 14:40:12.306941+05:30","bob@cacheflow.com","2024-05-09 14:40:53.426252+05:30","bob@cacheflow.com","62ccc55f-76f2-4d3d-84d4-edfa71ecc44e","sen hjkk",NULL,"0","Aw==","3c0a098d-8436-460f-b6a2-40910c2e4fd1","0",NULL,False,False,NULL,NULL,NULL,"cancelled",NULL,NULL,"2024-06-08","006Hp000018O6zfIAC","month",NULL,NULL,"c56f0234-4772-476d-a410-5acd416ee99f",NULL,"initial",NULL,"cancelled",False
"98be49a8-40fb-44ac-962e-26d0c1ccdf84","2024-05-09 14:42:24.003893+05:30","bob@cacheflow.com","2024-05-09 14:42:31.203349+05:30","bob@cacheflow.com","62ccc55f-76f2-4d3d-84d4-edfa71ecc44e","sen hjkk",NULL,"0","Aw==","3c0a098d-8436-460f-b6a2-40910c2e4fd1","0",NULL,False,False,NULL,NULL,NULL,"cancelled",NULL,NULL,"2024-06-08","006Hp000018O6zfIAC","month",NULL,NULL,"c56f0234-4772-476d-a410-5acd416ee99f",NULL,"initial",NULL,"cancelled",False
"5a6a7b60-20a7-4f6c-930e-9f2a313be846","2024-05-09 14:44:48.223384+05:30","bob@cacheflow.com","2024-05-09 14:45:03.134431+05:30","bob@cacheflow.com","62ccc55f-76f2-4d3d-84d4-edfa71ecc44e","sen hjkk",NULL,"0","Aw==","3c0a098d-8436-460f-b6a2-40910c2e4fd1","0",NULL,False,False,NULL,NULL,NULL,"cancelled",NULL,NULL,"2024-06-08","006Hp000018O6zfIAC","month",NULL,NULL,"c56f0234-4772-476d-a410-5acd416ee99f",NULL,"initial",NULL,"cancelled",False
"98a78964-93b0-4f06-bbd0-04cb3363196e","2024-05-10 11:48:15.024749+05:30","bob@cacheflow.com","2024-05-10 11:48:19.30223+05:30","bob@cacheflow.com","62ccc55f-76f2-4d3d-84d4-edfa71ecc44e","sen hjkk",NULL,"0","Aw==","3c0a098d-8436-460f-b6a2-40910c2e4fd1","0",NULL,False,False,NULL,NULL,NULL,"cancelled",NULL,NULL,"2024-06-09","006Hp000018O6zfIAC","month",NULL,NULL,"c56f0234-4772-476d-a410-5acd416ee99f",NULL,"initial",NULL,"cancelled",False
"19ae2203-3feb-4ccd-aec3-774706af0023","2024-05-10 11:48:35.81643+05:30","bob@cacheflow.com","2024-05-10 11:48:39.477624+05:30","bob@cacheflow.com","62ccc55f-76f2-4d3d-84d4-edfa71ecc44e","sen hjkk",NULL,"0","Aw==","3c0a098d-8436-460f-b6a2-40910c2e4fd1","0",NULL,False,False,NULL,NULL,NULL,"cancelled",NULL,NULL,"2024-06-09","006Hp000018O6zfIAC","month",NULL,NULL,"c56f0234-4772-476d-a410-5acd416ee99f",NULL,"initial",NULL,"cancelled",False
"782ffd97-6f7a-4b8d-8103-27d52374ba4e","2024-05-14 17:03:38.451828+05:30","system@getcacheflow.com","2024-05-14 17:03:49.479209+05:30","system@getcacheflow.com","62ccc55f-76f2-4d3d-84d4-edfa71ecc44e","Invalid Opp Account 2 [Renewal]",NULL,"60000","AQ==","705d4b52-9f9c-4b17-83c2-a30fe30ba193","60000","b536e9c8-f08c-4e8c-951e-f901c104f450",False,False,NULL,NULL,NULL,"draft",NULL,"2024-05-19","2024-06-14","141","month",NULL,NULL,"c6a09f77-e1db-4d0c-bec5-2140d072e4d1",NULL,"renewal",NULL,"draft",False
"4b8ed4e7-c1c9-427c-bfcd-0b1dbe2f257f","2024-04-24 12:31:51.251739+05:30","bob@cacheflow.com","2024-05-16 19:00:08.124889+05:30","bob@cacheflow.com","62ccc55f-76f2-4d3d-84d4-edfa71ecc44e","Untitled",NULL,"240000","Aw==","3c0a098d-8436-460f-b6a2-40910c2e4fd1","240000",NULL,False,False,NULL,NULL,NULL,"draft",NULL,NULL,"2024-05-24","70","month",NULL,NULL,NULL,NULL,"initial",NULL,"draft",False
"55795802-c3b8-403b-b23a-0b042a513470","2024-05-07 16:56:35.7725+05:30","bob@cacheflow.com","2024-05-16 19:00:08.125207+05:30","bob@cacheflow.com","62ccc55f-76f2-4d3d-84d4-edfa71ecc44e","Express Logistics and Transport",NULL,"240000","Aw==","3c0a098d-8436-460f-b6a2-40910c2e4fd1","240000",NULL,False,False,NULL,NULL,NULL,"draft",NULL,NULL,"2024-06-06","90","month",NULL,NULL,"fad023e0-998b-45be-88c2-d4309dbe2c37",NULL,"initial",NULL,"draft",False
"6e272e0b-d871-493d-b4a3-c196879cd0ad","2024-04-30 17:27:08.113071+05:30","bob@cacheflow.com","2024-05-16 19:00:08.125463+05:30","bob@cacheflow.com","62ccc55f-76f2-4d3d-84d4-edfa71ecc44e","Untitled",NULL,"600000","Aw==","3c0a098d-8436-460f-b6a2-40910c2e4fd1","600000",NULL,False,False,NULL,NULL,NULL,"draft",NULL,NULL,"2024-05-30","76","month",NULL,NULL,NULL,NULL,"initial",NULL,"draft",False
"e66c5da3-da04-48d2-b4c7-64eab82abfd8","2024-05-14 17:04:24.868231+05:30","system@getcacheflow.com","2024-05-14 17:04:30.775971+05:30","system@getcacheflow.com","62ccc55f-76f2-4d3d-84d4-edfa71ecc44e","test demo po 002 [Renewal]",NULL,"80000","AQ==","705d4b52-9f9c-4b17-83c2-a30fe30ba193","80000","289bbba7-5990-4ca2-a341-5eca97785def",False,False,NULL,NULL,NULL,"draft",NULL,"2024-05-19","2024-06-14","142","month",NULL,NULL,"5b67e708-5abf-4c14-bd84-5ca573ab88a8",NULL,"renewal",NULL,"draft",False
"e06e1aae-f3e2-4825-b4b6-36fb653261ce","2024-05-14 17:04:47.396072+05:30","system@getcacheflow.com","2024-05-14 17:04:47.464615+05:30","system@getcacheflow.com","62ccc55f-76f2-4d3d-84d4-edfa71ecc44e","Express Logistics SLA [Renewal]",NULL,"80000","AQ==","705d4b52-9f9c-4b17-83c2-a30fe30ba193","80000","c1b0157e-f62b-4ca7-9b21-fee214bd7179",False,False,NULL,NULL,NULL,"draft",NULL,"2024-05-20","2024-06-14","143","month",NULL,NULL,"fad023e0-998b-45be-88c2-d4309dbe2c37",NULL,"renewal",NULL,"draft",False
"a40a6fd6-0d26-41ad-b27c-a630254a76bb","2024-05-14 17:05:02.01403+05:30","system@getcacheflow.com","2024-05-14 17:05:02.074707+05:30","system@getcacheflow.com","62ccc55f-76f2-4d3d-84d4-edfa71ecc44e","Test Opp [Renewal]",NULL,"80000","AQ==","705d4b52-9f9c-4b17-83c2-a30fe30ba193","80000","395537e7-063d-4995-a989-e4ce4bdc312e",False,False,NULL,NULL,NULL,"draft",NULL,"2024-06-02","2024-06-14","148","month",NULL,NULL,"2817c9cf-d06b-4572-a08d-92f176bcb144",NULL,"renewal",NULL,"draft",False
"6793bd40-1c87-4983-b7a6-c28a605b6e36","2024-05-14 17:04:55.330425+05:30","system@getcacheflow.com","2024-05-14 17:04:55.410398+05:30","system@getcacheflow.com","62ccc55f-76f2-4d3d-84d4-edfa71ecc44e","Edge Emergency Generator [Renewal]",NULL,"80000","AQ==","705d4b52-9f9c-4b17-83c2-a30fe30ba193","80000","d3401306-267a-45f4-92f2-2eaef0c4e77f",False,False,NULL,NULL,NULL,"draft",NULL,"2024-05-20","2024-06-14","144","month",NULL,NULL,"5d169388-4b27-409b-b1eb-2ee6741089fc",NULL,"renewal",NULL,"draft",False
"8eae5a97-aa30-49d1-88a3-cd740aa060eb","2024-05-14 17:04:57.134022+05:30","system@getcacheflow.com","2024-05-14 17:04:57.195552+05:30","system@getcacheflow.com","62ccc55f-76f2-4d3d-84d4-edfa71ecc44e","Grand Hotels Kitchen Generator [Renewal]",NULL,"80000","AQ==","705d4b52-9f9c-4b17-83c2-a30fe30ba193","80000","94fb13c7-0204-4600-9642-47113908390f",False,False,NULL,NULL,NULL,"draft",NULL,"2024-05-21","2024-06-14","145","month",NULL,NULL,"5b67e708-5abf-4c14-bd84-5ca573ab88a8",NULL,"renewal",NULL,"draft",False
"39eff127-c435-4495-a273-3e4f34999780","2024-05-14 17:04:58.623206+05:30","system@getcacheflow.com","2024-05-14 17:04:58.677882+05:30","system@getcacheflow.com","62ccc55f-76f2-4d3d-84d4-edfa71ecc44e","Test for PO 001 [Renewal]",NULL,"80000","AQ==","705d4b52-9f9c-4b17-83c2-a30fe30ba193","80000","3c642392-5554-4d89-833f-1aad696e9eca",False,False,NULL,NULL,NULL,"draft",NULL,"2024-05-24","2024-06-14","146","month",NULL,NULL,"5b67e708-5abf-4c14-bd84-5ca573ab88a8",NULL,"renewal",NULL,"draft",False
"76d59049-0183-478c-8bc4-6b0077d000f7","2024-05-14 17:05:00.088401+05:30","system@getcacheflow.com","2024-05-14 17:05:00.16019+05:30","system@getcacheflow.com","62ccc55f-76f2-4d3d-84d4-edfa71ecc44e","test johny [Renewal]",NULL,"200000","AQ==","705d4b52-9f9c-4b17-83c2-a30fe30ba193","200000","f19ff971-a4d3-41b3-81e2-2c2c84b4b075",False,False,NULL,NULL,NULL,"draft",NULL,"2024-05-29","2024-06-14","147","month",NULL,NULL,"899b167c-82c9-4957-bc2d-b84e44de8dfe",NULL,"renewal",NULL,"draft",False
